"0","est <- suppressMessages(read_csv(""est.csv"",show_col_types = FALSE))"
"0",""
"0","dat <- suppressMessages(read_csv(""contraceptive_use.csv"",show_col_types = FALSE)) %>%"
"0","  rename(iso = division_numeric_code) %>%"
"0","  mutate("
"0","    Year = as.double((start_date + end_date) / 2),"
"0","    cp = contraceptive_use_modern * 100"
"0","  ) %>%"
"0","  filter(is_in_union == ""Y"", !is.na(Year), !is.na(cp)) %>%  # Remove rows with missing Year or cp"
"0","  select(iso, Year, cp)"
"0",""
"0","plot_cp(dat, est, iso_code = 4)"
