{"chunk_definitions":[{"row":62,"row_count":1,"visible":true,"expansion_state":0,"options":{"engine":"r","label":"unnamed-chunk-1","dev":"png"},"document_id":"6F7687B9","chunk_id":"c0m0gzx873v3w","chunk_label":"unnamed-chunk-1"},{"row":79,"row_count":1,"visible":true,"expansion_state":0,"options":{"engine":"r","label":"unnamed-chunk-2","dev":"png"},"document_id":"6F7687B9","chunk_id":"c8tkppm3w9gjf","chunk_label":"unnamed-chunk-2"},{"row":97,"row_count":1,"visible":true,"expansion_state":0,"options":{"engine":"r","label":"unnamed-chunk-3","dev":"png"},"document_id":"6F7687B9","chunk_id":"c2f6ihv7k243w","chunk_label":"unnamed-chunk-3"},{"row":107,"row_count":1,"visible":true,"expansion_state":0,"options":{"engine":"r","label":"include-md","echo":false,"results":"asis","dev":"png"},"document_id":"6F7687B9","chunk_id":"ctvbc9cwb5lb5","chunk_label":"include-md"}],"doc_write_time":1732667053}