"0","plot_cp(dat, est, iso_code = 4, CI = NA)"
"1","[1mRows: [22m[34m11285[39m [1mColumns: [22m[34m9[39m
"
"1","[36m──[39m [1mColumn specification[22m [36m─────────────────────────────────────────────────────────[39m
[1mDelimiter:[22m "",""
[31mchr[39m (2): Country or area, Indicator
[32mdbl[39m (7): iso, Year, L95, L80, Median, U80, U95
"
"1","
[36mℹ[39m Use `spec()` to retrieve the full column specification for this data.
[36mℹ[39m Specify the column types or set `show_col_types = FALSE` to quiet this message.
"
"1","[1mRows: [22m[34m1793[39m [1mColumns: [22m[34m31[39m
"
"1","[36m──[39m [1mColumn specification[22m [36m─────────────────────────────────────────────────────────[39m
[1mDelimiter:[22m "",""
[31mchr[39m (13): is_in_union, age_range, data_series_type, group_type_relative_to_ba...
[32mdbl[39m (15): division_numeric_code, start_date, end_date, contraceptive_use_mode...
[33mlgl[39m  (3): pertaining_to_methods_used_since_last_pregnancy_reason, non_pregnan...
"
"1","
[36mℹ[39m Use `spec()` to retrieve the full column specification for this data.
[36mℹ[39m Specify the column types or set `show_col_types = FALSE` to quiet this message.
"
"2","Warning:"
"2"," [38;5;252mRemoved 1 row containing missing values or values outside the scale range
(`geom_point()`).[39m
"
